"","master_metadata_album_artist_name","count","hours","percentage"
"1","Nekfeu",8919,544.438050833333,6.49892886809776
"2","Orelsan",3188,172.470492222222,2.32297177166674
"3","PLK",2712,129.516737222222,1.9761290604643
"4","Disiz",2322,132.475209444444,1.69195120884886
"5","Biga*Ranx",2167,99.7911088888889,1.57900872936067
"6","Mac Miller",1790,98.5676827777778,1.30430347279908
"7","Juice WRLD",1638,82.9216583333333,1.19354697678486
"8","Zamdane",1503,69.7530572222222,1.09517772045643
"9","Lomepal",1427,82.7349536111111,1.03979947244932
"10","Sneazzy",1220,66.5639897222222,0.888966612745741
"11","Sopico",1212,64.4278488888889,0.883137323481834
"12","Rilès",1035,51.4206194444444,0.754164298517903
"13","Spider ZED",963,37.2514702777778,0.701700695142745
"14","OBOY",916,42.4995905555556,0.667453620717294
"15","XXXTENTACION",916,30.4880386111111,0.667453620717294
"16","Lorenzo",811,35.8635980555556,0.590944199128521
"17","Damso",802,42.0869408333333,0.584386248706626
"18","Green Montana",696,25.5520763888889,0.507148165959865
"19","Vald",649,35.5536077777778,0.472901091534415
"20","Jaden",645,35.1722786111111,0.469986446902461
"21","Booba",637,29.3013925,0.464157157638555
"22","Népal",610,30.0130625,0.44448330637287
"23","Casseurs Flowters",589,34.4011319444444,0.429181422055116
"24","Stand High Patrol",586,33.9548833333333,0.426995438581151
"25","Pop Smoke",569,26.1125227777778,0.41460819889535
"26","Hamza",560,27.2264805555556,0.408050248473455
"27","Blundetto",519,28.6698908333333,0.378175140995934
"28","Laylow",505,24.0821866666667,0.367973884784098
"29","Bekar",487,20.8925302777778,0.354857983940308
"30","Jok'air",483,30.8766036111111,0.351943339308355
"31","Kekra",479,22.8079494444444,0.349028694676402
"32","Sfera Ebbasta",460,19.1325738888889,0.335184132674624
"33","Maes",459,19.438705,0.334455471516635
"34","Lefa",436,21.0947688888889,0.317696264882904
"35","Fakear",395,23.4477330555556,0.287821157405383
"36","Columbine",377,20.1075619444444,0.274705256561594
"37","Post Malone",375,19.0556391666667,0.273247934245617
"38","Ninho",335,14.2707747222222,0.244101487926085
"39","Caballero & JeanJass",329,16.9253394444444,0.239729520978155
"40","6ix9ine",316,13.9667922222222,0.230256925924307
"41","Alpha Wann",316,14.3985097222222,0.230256925924307
"42","Roméo Elvis",315,16.3918702777778,0.229528264766318
"43","Michel",314,14.5161025,0.22879960360833
"44","French Montana",313,17.0530936111111,0.228070942450342
"45","Niska",311,13.7062519444444,0.226613620134365
"46","Luidji",308,17.7148908333333,0.2244276366604
"47","Bigflo & Oli",305,19.2684330555556,0.222241653186435
"48","Kid Cudi",293,15.1662080555556,0.213497719290575
"49","Tame Impala",291,19.1177633333333,0.212040396974599
"50","Lujipeka",287,11.2237380555556,0.209125752342646
"51","The Chainsmokers",286,15.4234341666667,0.208397091184657
"52","Mister V",284,13.8035072222222,0.206939768868681
"53","Jazzy Bazz",282,15.2382522222222,0.205482446552704
"54","Josman",282,14.4813647222222,0.205482446552704
"55","Caballero",278,9.89438,0.202567801920751
"56","G-Eazy",274,16.6307722222222,0.199653157288798
"57","Wiz Khalifa",272,16.1237694444444,0.198195834972821
"58","S.Pri Noir",270,15.2051294444444,0.196738512656844
"59","Vindu",265,13.2702191666667,0.193095206866903
"60","Georgio",262,16.4030455555556,0.190909223392938
"61","Raimu",262,10.578315,0.190909223392938
"62","Alkpote",258,15.8264980555556,0.187994578760985
"63","An'Om",253,16.9310283333333,0.184351272971043
"64","DJ Snake",251,11.4668486111111,0.182893950655066
"65","Stromae",246,11.8286622222222,0.179250644865125
"66","David Guetta",244,11.0298261111111,0.177793322549148
"67","A2h",243,12.2845325,0.17706466139116
"68","Freeze corleone",243,13.4825441666667,0.17706466139116
"69","Tenno",242,10.3721247222222,0.176336000233172
"70","Leto",238,9.74828361111111,0.173421355601218
"71","6LACK",235,12.5171597222222,0.171235372127253
"72","Oliver Tree",235,10.2972647222222,0.171235372127253
"73","PNL",234,13.7350844444444,0.170506710969265
"74","Russ",234,10.8252830555556,0.170506710969265
"75","Nogymx",233,10.5491697222222,0.169778049811277
"76","A$AP Rocky",230,11.6473655555556,0.167592066337312
"77","Martin Garrix",227,11.2417169444444,0.165406082863347
"78","Metro Boomin",227,12.5053755555556,0.165406082863347
"79","SAINt JHN",225,10.119935,0.16394876054737
"80","Dinos",215,10.2741247222222,0.156662148967487
"81","Dimitri Vegas & Like Mike",210,8.09171944444445,0.153018843177546
"82","KIDS SEE GHOSTS",208,9.53976111111111,0.151561520861569
"83","Sam Feldt",208,9.73690305555555,0.151561520861569
"84","Kaaris",204,9.21047833333333,0.148646876229616
"85","PRIME",202,9.78764527777778,0.147189553913639
"86","SoulChef",202,10.6541897222222,0.147189553913639
"87","Feder",198,12.4140405555556,0.144274909281686
"88","Bakermat",197,9.71816888888889,0.143546248123698
"89","Gringe",197,11.7381038888889,0.143546248123698
"90","Petit Biscuit",197,11.3470275,0.143546248123698
"91","Rim'K",196,9.73073777777778,0.142817586965709
"92","Panda Dub",195,12.5957322222222,0.142088925807721
"93","Morcheeba",190,11.6285325,0.138445620017779
"94","Trippie Redd",190,8.28893055555556,0.138445620017779
"95","Major Lazer",189,8.01995388888889,0.137716958859791
"96","Kungs",188,9.93952388888889,0.136988297701803
"97","Doums",187,8.254905,0.136259636543814
"98","Lil Mosey",187,7.44092,0.136259636543814
"99","R3HAB",184,7.26598416666667,0.134073653069849
"100","Youssoupha",184,11.8641272222222,0.134073653069849
"101","Alpha Blondy",180,11.4454152777778,0.131159008437896
"102","21 Savage",175,9.57213111111111,0.127515702647955
"103","Lil Nas X",175,6.34954083333333,0.127515702647955
"104","Kalash",174,9.09871277777778,0.126787041489966
"105","DTF",173,7.67681,0.126058380331978
"106","Jul",172,5.86959166666667,0.12532971917399
"107","Kygo",172,9.71190805555556,0.12532971917399
"108","Marshmello",172,8.29052777777778,0.12532971917399
"109","Lil Skies",169,8.33804555555556,0.123143735700025
"110","Møme",168,10.4813422222222,0.122415074542036
"111","Quantic",164,10.5277272222222,0.119500429910083
"112","Drake",162,8.76725638888889,0.118043107594107
"113","The Zombies",162,6.30972555555556,0.118043107594107
"114","Guts",161,9.04779888888889,0.117314446436118
"115","Kodak Black",159,8.67573388888889,0.115857124120142
"116","RK",158,6.65872,0.115128462962153
"117","Hako Yamazaki",155,9.67414388888889,0.112942479488188
"118","DA Uzi",153,6.26007555555556,0.111485157172212
"119","Lil Xan",153,7.25677666666667,0.111485157172212
"120","Lost Frequencies",153,7.49314722222222,0.111485157172212
"121","SCH",152,5.94491416666667,0.110756496014223
"122","Deepend",150,6.46745388888889,0.109299173698247
"123","Luv Resval",150,7.58469777777778,0.109299173698247
"124","Zjednoczenie Soundsystem",147,7.72539833333333,0.107113190224282
"125","Black Eyed Peas",146,7.67479055555556,0.106384529066294
"126","Nemir",146,7.02903833333333,0.106384529066294
"127","The Weeknd",146,8.30879555555556,0.106384529066294
"128","Myth Syzer",143,6.92424416666667,0.104198545592329
"129","A Boogie Wit da Hoodie",141,7.05214111111111,0.102741223276352
"130","Django",141,6.0266575,0.102741223276352
"131","KYLE",141,8.28458583333333,0.102741223276352
"132","Trinix",139,7.01461805555556,0.101283900960375
"133","Gorillaz",137,7.48203361111111,0.0998265786443988
"134","Kanye West",137,6.62849555555556,0.0998265786443988
"135","Les Gordon",137,6.65141833333333,0.0998265786443988
"136","Tchami",137,10.4071366666667,0.0998265786443988
"137","Lil Uzi Vert",136,7.11131833333333,0.0990979174864105
"138","Dennis Lloyd",135,5.77813361111111,0.0983692563284222
"139","Naps",135,5.30834222222222,0.0983692563284222
"140","NAV",133,6.98270972222222,0.0969119340124455
"141","Alonzo",130,6.88227166666667,0.0947259505384806
"142","Synapson",130,6.88964388888889,0.0947259505384806
"143","Médine",129,7.41165055555556,0.0939972893804923
"144","Tyler, The Creator",129,6.45610916666667,0.0939972893804923
"145","Jungle",128,6.49552027777778,0.093268628222504
"146","MEDUZA",128,4.86952611111111,0.093268628222504
"147","Travis Scott",127,6.64847277777778,0.0925399670645157
"148","Flavia Coelho",126,6.19898277777778,0.0918113059065273
"149","Dosseh",125,6.22648277777778,0.091082644748539
"150","Eminem",124,8.62821583333333,0.0903539835905507
"151","J. Cole",123,7.85978916666667,0.0896253224325624
"152","GASHI",120,6.62857666666667,0.0874393389585975
"153","Imagine Dragons",120,6.36793805555556,0.0874393389585975
"154","Aminé",119,4.6994075,0.0867106778006092
"155","Lil Pump",119,4.71254638888889,0.0867106778006092
"156","Parcels",119,7.96924972222222,0.0867106778006092
"157","Future",118,6.0572675,0.0859820166426209
"158","Klingande",118,5.8772525,0.0859820166426209
"159","Aim",117,7.67759916666667,0.0852533554846325
"160","Ofenbach",117,5.15678694444444,0.0852533554846325
"161","Hugo TSR",116,5.58505388888889,0.0845246943266442
"162","Jax Jones",115,5.84302194444444,0.0837960331686559
"163","Anderson .Paak",114,6.52207472222222,0.0830673720106676
"164","Hornet La Frappe",114,5.26105833333333,0.0830673720106676
"165","Napkey",114,7.22457416666667,0.0830673720106676
"166","Starmyname",112,1.33103722222222,0.081610049694691
"167","Danakil",111,7.5262525,0.0808813885367027
"168","Don Diablo",111,4.78504361111111,0.0808813885367027
"169","Koba LaD",110,4.87828111111111,0.0801527273787143
"170","Moha La Squale",110,4.20457638888889,0.0801527273787143
"171","Jabberwocky",109,7.07674472222222,0.079424066220726
"172","Childish Gambino",108,7.28410444444444,0.0786954050627377
"173","Yaro",108,5.13380111111111,0.0786954050627377
"174","Calvin Harris",107,5.74935722222222,0.0779667439047494
"175","Lil Tecca",107,3.63577388888889,0.0779667439047494
"176","Protoje",107,5.19718555555556,0.0779667439047494
"177","Robin Schulz",107,5.84029916666667,0.0779667439047494
"178","Stupeflip",107,5.23982527777778,0.0779667439047494
"179","The xx",107,4.529195,0.0779667439047494
"180","JAY-Z",105,6.08675222222222,0.0765094215887728
"181","The Blaze",104,6.24769111111111,0.0757807604307845
"182","Zola",104,3.39034,0.0757807604307845
"183","M.I.A.",103,4.75098111111111,0.0750520992727962
"184","S-Crew",103,5.93772527777778,0.0750520992727962
"185","Ed Sheeran",102,5.56680333333333,0.0743234381148078
"186","Gradur",102,4.15645722222222,0.0743234381148078
"187","The Black Gasolines",102,5.87307277777778,0.0743234381148078
"188","Zuukou mayzie",102,4.97287972222222,0.0743234381148078
"189","Kendrick Lamar",101,5.51762194444444,0.0735947769568195
"190","Paul Kalkbrenner",100,5.80612083333333,0.0728661157988312
"191","Tory Lanez",100,4.55251861111111,0.0728661157988312
"192","Vladimir Cauchemar",100,4.08378305555556,0.0728661157988312
"193","2zer",99,5.64802916666667,0.0721374546408429
"194","Bad Bunny",99,4.60996416666667,0.0721374546408429
"195","Calypso Rose",99,5.50979083333333,0.0721374546408429
"196","Larry",99,4.27249444444444,0.0721374546408429
"197","Lil Peep",99,4.65906472222222,0.0721374546408429
"198","Rakoon",99,7.02162027777778,0.0721374546408429
"199","Young Thug",99,4.79079111111111,0.0721374546408429
"200","Roddy Ricch",98,4.81987666666667,0.0714087934828546
"201","Clément Leroux",97,4.96968694444444,0.0706801323248663
"202","PLÜM",97,4.29170888888889,0.0706801323248663
"203","Paris Blohm",97,5.6486775,0.0706801323248663
"204","Avicii",96,5.12144861111111,0.069951471166878
"205","F430",96,5.79861222222222,0.069951471166878
"206","Poldoore",96,5.8018575,0.069951471166878
"207","Tiësto",96,3.73602944444444,0.069951471166878
"208","No Wyld",95,4.83769,0.0692228100088897
"209","Queen",95,5.04892861111111,0.0692228100088897
"210","The Avener",95,6.23266388888889,0.0692228100088897
"211","Dioscures",94,3.62684416666667,0.0684941488509014
"212","Djadja & Dinaz",94,4.00050861111111,0.0684941488509014
"213","Dominic Fike",94,3.728725,0.0684941488509014
"214","Moon Taxi",94,5.03303111111111,0.0684941488509014
"215","Sofiane",94,3.88348444444444,0.0684941488509014
"216","The Neighbourhood",94,4.91698805555556,0.0684941488509014
"217","Free Nationals",93,4.25804222222222,0.067765487692913
"218","Bruno Mars",92,4.34723555555556,0.0670368265349247
"219","Skread",92,2.72482416666667,0.0670368265349247
"220","filous",92,6.01223111111111,0.0670368265349247
"221","Ashh",91,5.37382527777778,0.0663081653769364
"222","Deen Burbigo",91,4.87464944444444,0.0663081653769364
"223","Massive Attack",91,6.90087972222222,0.0663081653769364
"224","ICO",90,3.73524583333333,0.0655795042189481
"225","KIK",90,4.29919805555556,0.0655795042189481
"226","Vegedream",90,3.10979833333333,0.0655795042189481
"227","Anuel AA",89,4.79580777777778,0.0648508430609598
"228","Portishead",89,6.0760325,0.0648508430609598
"229","Sara Costa",89,4.48246361111111,0.0648508430609598
"230","Worakls",89,8.02138888888889,0.0648508430609598
"231","Portugal. The Man",88,3.57772861111111,0.0641221819029715
"232","Swae Lee",88,5.33564944444444,0.0641221819029715
"233","Therapie TAXI",88,3.67787055555556,0.0641221819029715
"234","Armin van Buuren",87,3.63841805555556,0.0633935207449832
"235","BROCKHAMPTON",87,3.86345083333333,0.0633935207449832
"236","Panic! At The Disco",87,4.14292305555556,0.0633935207449832
"237","Guizmo",86,6.24143305555556,0.0626648595869949
"238","Shallou",86,5.18688444444444,0.0626648595869949
"239","Smash Mouth",86,3.75341027777778,0.0626648595869949
"240","The Prodigy",86,5.79461,0.0626648595869949
"241","Vicetone",86,4.98029583333333,0.0626648595869949
"242","Chico Rose",85,3.28495555555556,0.0619361984290065
"243","Fatboy Slim",85,8.10057305555556,0.0619361984290065
"244","ScHoolboy Q",85,4.15052722222222,0.0619361984290065
"245","Sean Paul",85,4.10839027777778,0.0619361984290065
"246","Zed Yun Pavarotti",85,5.21111833333333,0.0619361984290065
"247","Yung Pinch",84,4.33178388888889,0.0612075372710182
"248","Breakbot",83,4.74222777777778,0.0604788761130299
"249","Don Toliver",83,3.80194388888889,0.0604788761130299
"250","Niklas Ibach",83,5.282505,0.0604788761130299
"251","Swing",83,4.98106777777778,0.0604788761130299
"252","Thylacine",83,4.7490875,0.0604788761130299
"253","Arlo Parks",82,4.93871555555556,0.0597502149550416
"254","Dua Lipa",82,3.75850916666667,0.0597502149550416
"255","GRiZ",82,6.39668388888889,0.0597502149550416
"256","Mike Posner",82,4.51546611111111,0.0597502149550416
"257","Twenty One Pilots",82,4.70324638888889,0.0597502149550416
"258","ILLENIUM",81,4.70041138888889,0.0590215537970533
"259","Kota the Friend",81,4.24863166666667,0.0590215537970533
"260","Nusky",81,2.94508944444444,0.0590215537970533
"261","PnB Rock",81,4.85413611111111,0.0590215537970533
"262","Dubdogz",80,3.26439472222222,0.058292892639065
"263","Fabich",80,3.78092416666667,0.058292892639065
"264","Four Tet",80,3.30252611111111,0.058292892639065
"265","Logic",80,4.51592361111111,0.058292892639065
"266","Shakewell",80,2.78210861111111,0.058292892639065
"267","Thievery Corporation",80,4.23659,0.058292892639065
"268","Moby",79,4.23730555555556,0.0575642314810767
"269","Yuzmv",79,3.65814638888889,0.0575642314810767
"270","Elijah Nang",78,4.39914472222222,0.0568355703230884
"271","Flume",78,3.80297277777778,0.0568355703230884
"272","Frank Ocean",78,3.92787611111111,0.0568355703230884
"273","GLK",78,3.90311888888889,0.0568355703230884
"274","Kina",78,3.43533888888889,0.0568355703230884
"275","Mark Ronson",78,4.43758888888889,0.0568355703230884
"276","Roosevelt",78,5.65455083333333,0.0568355703230884
"277","The Guess Who",78,4.02389805555556,0.0568355703230884
"278","TRIPLEGO",77,4.46064972222222,0.0561069091651
"279","Ziak",77,3.02431361111111,0.0561069091651
"280","1995",76,5.02095861111111,0.0553782480071117
"281","Felix Jaehn",76,3.43201972222222,0.0553782480071117
"282","Trevor Daniel",76,3.16966388888889,0.0553782480071117
"283","Chilla",75,3.35982,0.0546495868491234
"284","Duke Dumont",75,3.55204,0.0546495868491234
"285","FKJ",75,4.63655888888889,0.0546495868491234
"286","Gambi",75,2.18545805555556,0.0546495868491234
"287","Jason K Pounds",75,3.27931222222222,0.0546495868491234
"288","Gaël Faye",74,4.78988694444444,0.0539209256911351
"289","Ghali",74,3.54325111111111,0.0539209256911351
"290","Jain",74,3.23382611111111,0.0539209256911351
"291","Mike Candys",74,2.9009475,0.0539209256911351
"292","Nebu Kiniza",74,2.88080916666667,0.0539209256911351
"293","Oxmo Puccino",74,3.09033722222222,0.0539209256911351
"294","Pupajim",74,4.43882472222222,0.0539209256911351
"295","Jomarijan",73,3.44423,0.0531922645331468
"296","Tep No",73,3.74291083333333,0.0531922645331468
"297","VIZE",73,3.22721083333333,0.0531922645331468
"298","Alex Lustig",72,3.33290777777778,0.0524636033751585
"299","Bass Santana",72,2.79330638888889,0.0524636033751585
"300","Kalash Criminel",72,1.80694277777778,0.0524636033751585
"301","Madeon",72,4.72141055555555,0.0524636033751585
"302","Piero Umiliani",72,3.89479666666667,0.0524636033751585
"303","13 Block",70,2.97041861111111,0.0510062810591819
"304","Boris Way",70,3.10181361111111,0.0510062810591819
"305","Gemitaiz",70,3.36921222222222,0.0510062810591819
"306","Home",70,4.03883305555556,0.0510062810591819
"307","Nora En Pure",70,3.57403527777778,0.0510062810591819
"308","Parov Stelar",70,3.04804944444444,0.0510062810591819
"309","88GLAM",69,3.48726555555556,0.0502776199011935
"310","Coolio",69,4.02206333333333,0.0502776199011935
"311","Crosby, Stills, Nash & Young",69,5.148875,0.0502776199011935
"312","Fixpen Sill",69,4.67778444444444,0.0502776199011935
"313","J Balvin",69,3.20870138888889,0.0502776199011935
"314","Jonas Brothers",69,3.06544027777778,0.0502776199011935
"315","Mac DeMarco",69,3.54175027777778,0.0502776199011935
"316","Naâman",69,3.51084361111111,0.0502776199011935
"317","Sheck Wes",69,2.99605888888889,0.0502776199011935
"318","Squidji",69,2.71349333333333,0.0502776199011935
"319","The Geek x Vrv",69,3.79121916666667,0.0502776199011935
"320","winnterzuko",69,2.46640194444444,0.0502776199011935
"321","Chromeo",68,3.57977555555556,0.0495489587432052
"322","Doja Cat",68,3.74644472222222,0.0495489587432052
"323","PARTYNEXTDOOR",68,3.79200861111111,0.0495489587432052
"324","Amber Mark",67,3.73991138888889,0.0488202975852169
"325","Arizona Zervas",67,2.97029555555556,0.0488202975852169
"326","H.E.R.",67,3.48000083333333,0.0488202975852169
"327","Lord Esperanza",67,3.52596694444444,0.0488202975852169
"328","Ozuna",67,2.99520472222222,0.0488202975852169
"329","100 Blaze",66,2.80900694444444,0.0480916364272286
"330","Ikaz Boi",66,3.72360055555556,0.0480916364272286
"331","Le Dé",66,4.42047972222222,0.0480916364272286
"332","Oliver Heldens",66,2.96553944444444,0.0480916364272286
"333","Alan Walker",65,3.11048583333333,0.0473629752692403
"334","GoldLink",65,3.13880222222222,0.0473629752692403
"335","Hyphen Hyphen",65,3.54999583333333,0.0473629752692403
"336","Le Motif",65,2.1315975,0.0473629752692403
"337","The Architect",65,2.86259694444444,0.0473629752692403
"338","The Dø",65,3.2446675,0.0473629752692403
"339","The Growlers",65,3.46987777777778,0.0473629752692403
"340","The Who",65,4.64959916666667,0.0473629752692403
"341","2TH",64,3.593945,0.046634314111252
"342","Air",64,3.1624775,0.046634314111252
"343","Aya Nakamura",64,1.42996888888889,0.046634314111252
"344","EDGE",64,2.6083675,0.046634314111252
"345","Foster The People",64,4.05590472222222,0.046634314111252
"346","Soprano",64,3.04553916666667,0.046634314111252
"347","Tiken Jah Fakoly",64,3.46683777777778,0.046634314111252
"348","Yung Bae",64,2.95700666666667,0.046634314111252
"349","Joji",63,3.08395916666667,0.0459056529532637
"350","Krisy",63,2.64159222222222,0.0459056529532637
"351","The Black Keys",63,4.57484388888889,0.0459056529532637
"352","Thundercat",63,3.17506666666667,0.0459056529532637
"353","Gianni",62,2.96499666666667,0.0451769917952754
"354","JeanJass",62,2.12007222222222,0.0451769917952754
"355","KILLY",62,2.23270277777778,0.0451769917952754
"356","L'Entourloop",62,3.33839888888889,0.0451769917952754
"357","LISTENBEE",62,3.79440222222222,0.0451769917952754
"358","Nio Garcia",62,4.52525277777778,0.0451769917952754
"359","Solar Skinner",62,2.93682833333333,0.0451769917952754
"360","Guè",61,2.71152055555556,0.0444483306372871
"361","Jhené Aiko",61,3.59002777777778,0.0444483306372871
"362","KALEO",61,3.29150055555556,0.0444483306372871
"363","Lil Wayne",61,3.408655,0.0444483306372871
"364","Mickey Valen",61,3.01469083333333,0.0444483306372871
"365","Niro",61,3.00822833333333,0.0444483306372871
"366","Timal",61,2.70874444444444,0.0444483306372871
"367","Vince Staples",61,2.56140416666667,0.0444483306372871
"368","Yuksek",61,3.38226416666667,0.0444483306372871
"369","Diskay",60,3.58737055555556,0.0437196694792987
"370","Jamiroquai",60,3.11421666666667,0.0437196694792987
"371","Marina P",60,3.30630833333333,0.0437196694792987
"372","Public Enemy",60,4.38786027777778,0.0437196694792987
"373","blackbear",60,3.07804916666667,0.0437196694792987
"374","Big Wild",59,2.94798111111111,0.0429910083213104
"375","Burak Yeter",59,3.64304111111111,0.0429910083213104
"376","Dadju",59,2.52643194444444,0.0429910083213104
"377","Ehrling",59,2.06438444444444,0.0429910083213104
"378","Heuss L'enfoiré",59,2.37258972222222,0.0429910083213104
"379","Iseo & Dodosound",59,4.24282944444444,0.0429910083213104
"380","Jack Harlow",59,2.313665,0.0429910083213104
"381","Smeels",59,2.63999416666667,0.0429910083213104
"382","Taggy Matcher",59,3.48018416666667,0.0429910083213104
"383","YNW Melly",59,3.86341055555556,0.0429910083213104
"384","Arman Cekin",58,2.55708555555556,0.0422623471633221
"385","DVBBS",58,2.58170861111111,0.0422623471633221
"386","Dim Sum",58,3.63368138888889,0.0422623471633221
"387","Dynoro",58,2.44454722222222,0.0422623471633221
"388","Joachim Pastor",58,3.36104305555556,0.0422623471633221
"389","Mabel",58,2.52735972222222,0.0422623471633221
"390","Suprême NTM",58,2.14542972222222,0.0422623471633221
"391","Vanrip",58,3.24633083333333,0.0422623471633221
"392","Welshly Arms",58,3.27919944444444,0.0422623471633221
"393","47ter",57,2.97478944444444,0.0415336860053338
"394","Fitz and The Tantrums",57,2.79861555555556,0.0415336860053338
"395","IAM",57,3.03907166666667,0.0415336860053338
"396","MZ",57,3.20586416666667,0.0415336860053338
"397","Purple Disco Machine",57,3.03901694444444,0.0415336860053338
"398","Tetra Hydro K",57,3.61125444444444,0.0415336860053338
"399","The Skatalites",57,3.65207027777778,0.0415336860053338
"400","Tom Misch",57,4.33933694444444,0.0415336860053338
"401","Bag Raiders",56,4.16743277777778,0.0408050248473455
"402","Bob Marley & The Wailers",56,3.47401416666667,0.0408050248473455
"403","Brent Faiyaz",56,2.52608722222222,0.0408050248473455
"404","Capital Cities",56,2.86592972222222,0.0408050248473455
"405","Dayvi",56,2.16288944444444,0.0408050248473455
"406","Empire of the Sun",56,2.55471944444444,0.0408050248473455
"407","Kali Uchis",56,2.50351666666667,0.0408050248473455
"408","L.B. One",56,2.39925055555556,0.0408050248473455
"409","Lucas & Steve",56,2.37705833333333,0.0408050248473455
"410","Maxamillion",56,2.78100166666667,0.0408050248473455
"411","Playboi Carti",56,2.49217666666667,0.0408050248473455
"412","Sir Felix",56,3.07547944444444,0.0408050248473455
"413","Still Fresh",56,2.99684583333333,0.0408050248473455
"414","Big Fish",55,3.40087694444444,0.0400763636893572
"415","Big Shaq",55,2.53345861111111,0.0400763636893572
"416","Clement Bazin",55,3.30457333333333,0.0400763636893572
"417","Kery James",55,3.58407944444444,0.0400763636893572
"418","Kobo",55,3.34188305555556,0.0400763636893572
"419","NF",55,3.23691472222222,0.0400763636893572
"420","Nujabes",55,3.54080083333333,0.0400763636893572
"421","SAINT WKND",55,2.94139833333333,0.0400763636893572
"422","Todiefor",55,2.20893527777778,0.0400763636893572
"423","Yves V",55,2.53555944444444,0.0400763636893572
"424","Billie Eilish",54,2.51801027777778,0.0393477025313689
"425","Caravan Palace",54,3.13061583333333,0.0393477025313689
"426","Franglish",54,1.97345527777778,0.0393477025313689
"427","Internet Money",54,2.42035111111111,0.0393477025313689
"428","JPEGMAFIA",54,2.13195277777778,0.0393477025313689
"429","KronoMuzik",54,1.89078055555556,0.0393477025313689
"430","M83",54,3.30815611111111,0.0393477025313689
"431","Paluch",54,2.83122805555556,0.0393477025313689
"432","SDM",54,2.14512555555556,0.0393477025313689
"433","Smokepurpp",54,1.87794166666667,0.0393477025313689
"434","George Harrison",53,3.12531222222222,0.0386190413733806
"435","Jeremy Zucker",53,2.52157222222222,0.0386190413733806
"436","Johan Papaconstantino",53,2.76653055555556,0.0386190413733806
"437","Lexer",53,5.22608611111111,0.0386190413733806
"438","Lunay",53,3.41882861111111,0.0386190413733806
"439","Mike Williams",53,2.19836333333333,0.0386190413733806
"440","Oleska",53,3.65001611111111,0.0386190413733806
"441","Polo & Pan",53,2.47522138888889,0.0386190413733806
"442","Roger Molls",53,2.89245861111111,0.0386190413733806
"443","Ski Mask The Slump God",53,2.16419527777778,0.0386190413733806
"444","Unlike Pluto",53,2.6930675,0.0386190413733806
"445","Veorra",53,3.05535027777778,0.0386190413733806
"446","iann dior",53,2.07792194444444,0.0386190413733806
"447","Arcade Fire",52,3.80369972222222,0.0378903802153922
"448","Bonga",52,3.57866805555556,0.0378903802153922
"449","Cage The Elephant",52,2.31049416666667,0.0378903802153922
"450","Cassius",52,2.90222111111111,0.0378903802153922
"451","Chinese Man",52,2.94297222222222,0.0378903802153922
"452","Diam's",52,2.69348222222222,0.0378903802153922
"453","Endzone",52,1.49900916666667,0.0378903802153922
"454","FORD MISKIN",52,2.39516638888889,0.0378903802153922
"455","Gramatik",52,2.96542666666667,0.0378903802153922
"456","High Tone",52,3.84518,0.0378903802153922
"457","Hooverphonic",52,2.71726333333333,0.0378903802153922
"458","Mozart La Para",52,2.459765,0.0378903802153922
"459","OneRepublic",52,2.24845472222222,0.0378903802153922
"460","Rag'n'Bone Man",52,2.23888916666667,0.0378903802153922
"461","SNBRN",52,2.31054111111111,0.0378903802153922
"462","Seth Gueko",52,2.85088027777778,0.0378903802153922
"463","Son Little",52,2.16219805555556,0.0378903802153922
"464","TM Juke",52,3.750795,0.0378903802153922
"465","$uicideboy$",51,1.97425138888889,0.0371617190574039
"466","Calle 13",51,3.70223972222222,0.0371617190574039
"467","Cordae",51,2.60247805555556,0.0371617190574039
"468","Flatdisk",51,2.26068083333333,0.0371617190574039
"469","KAYTRANADA",51,2.72502222222222,0.0371617190574039
"470","Roland Cristal",51,2.39199944444444,0.0371617190574039
"471","Steve Void",51,2.5188075,0.0371617190574039
"472","The White Stripes",51,2.69429222222222,0.0371617190574039
"473","Tyla Yaweh",51,2.39400361111111,0.0371617190574039
"474","Windows 96",51,2.14339777777778,0.0371617190574039
"475","Zeds Dead",51,2.78514111111111,0.0371617190574039
"476","7 Jaws",50,2.48809694444444,0.0364330578994156
"477","Angèle",50,2.40972833333333,0.0364330578994156
"478","Broiler",50,2.55899722222222,0.0364330578994156
"479","K Motionz",50,2.75258583333333,0.0364330578994156
"480","L'Or du Commun",50,3.23591138888889,0.0364330578994156
"481","La Fève",50,1.42122111111111,0.0364330578994156
"482","Light Of The World",50,3.89193222222222,0.0364330578994156
"483","Sander van Doorn",50,3.22724416666667,0.0364330578994156
"484","Slushii",50,2.82997777777778,0.0364330578994156
"485","Stereoclip",50,2.53422777777778,0.0364330578994156
"486","Yung Dash",50,3.01193333333333,0.0364330578994156
"487","AC/DC",49,2.65250194444444,0.0357043967414273
"488","CAZZETTE",49,2.72922972222222,0.0357043967414273
"489","K.Flay",49,3.38653583333333,0.0357043967414273
"490","Michael Feiner",49,2.13334444444444,0.0357043967414273
"491","Moha MMZ",49,2.1517025,0.0357043967414273
"492","New York Ska-Jazz Ensemble",49,3.23517138888889,0.0357043967414273
"493","Saint Motel",49,2.23279055555556,0.0357043967414273
"494","Snoop Dogg",49,2.99603361111111,0.0357043967414273
"495","The First Station",49,3.70000388888889,0.0357043967414273
"496","Trackhead",49,2.36624805555556,0.0357043967414273
"497","Various Artists",49,1.99647194444444,0.0357043967414273
"498","Alle Farben",48,2.59234305555556,0.034975735583439
"499","Bee Gees",48,3.19757527777778,0.034975735583439
"500","Electric Guest",48,2.57708833333333,0.034975735583439
"501","Kaan Pars",48,2.263515,0.034975735583439
"502","Lewis Capaldi",48,2.56247722222222,0.034975735583439
"503","Lucas Estrada",48,1.86196111111111,0.034975735583439
"504","Moderator",48,2.22984055555556,0.034975735583439
"505","NTO",48,4.81650305555556,0.034975735583439
"506","RetroVision",48,1.91640333333333,0.034975735583439
"507","Seth XVI",48,2.25518416666667,0.034975735583439
"508","The Score",48,2.45974722222222,0.034975735583439
"509","Timmy Trumpet",48,1.64484194444444,0.034975735583439
"510","Wax Tailor",48,1.95694694444444,0.034975735583439
"511","X Ambassadors",48,2.00477055555556,0.034975735583439
"512","A$AP Ferg",47,2.27778833333333,0.0342470744254507
"513","Buffalo Springfield",47,1.77085,0.0342470744254507
"514","Capo Plaza",47,2.32872583333333,0.0342470744254507
"515","Daddy Yankee",47,2.08709722222222,0.0342470744254507
"516","Gryffin",47,3.08712416666667,0.0342470744254507
"517","Izzy Bizu",47,2.15406777777778,0.0342470744254507
"518","Jimi Hendrix",47,2.93071277777778,0.0342470744254507
"519","Los San Joseph",47,2.75758388888889,0.0342470744254507
"520","Madcon",47,2.29481055555556,0.0342470744254507
"521","PVRIS",47,3.34013194444444,0.0342470744254507
"522","Steve Monite",47,3.85625,0.0342470744254507
"523","Tez Cadey",47,2.49172055555556,0.0342470744254507
"524","The Korgis",47,2.79718694444444,0.0342470744254507
"525","Tomsize",47,1.88510222222222,0.0342470744254507
"526","Tsew The Kid",47,2.31708361111111,0.0342470744254507
"527","Bellaire",46,3.71246833333333,0.0335184132674624
"528","Brian Witzig",46,3.14152166666667,0.0335184132674624
"529","Daft Punk",46,3.0054175,0.0335184132674624
"530","Disclosure",46,3.15680361111111,0.0335184132674624
"531","Earth, Wind & Fire",46,2.66788138888889,0.0335184132674624
"532","Giant Rooks",46,2.42745472222222,0.0335184132674624
"533","Lil Yachty",46,2.14176083333333,0.0335184132674624
"534","Lilly Wood and The Prick",46,3.10850972222222,0.0335184132674624
"535","Ralph Castelli",46,1.81825361111111,0.0335184132674624
"536","Shotgun Willy",46,1.87555111111111,0.0335184132674624
"537","The Amazons",46,3.235855,0.0335184132674624
"538","The Naked And Famous",46,2.78290083333333,0.0335184132674624
"539","Tujamo",46,2.0342,0.0335184132674624
"540","Bolémvn",45,2.09293694444444,0.0327897521094741
"541","FlicFlac",45,2.77079444444444,0.0327897521094741
"542","Gorgon City",45,2.16065638888889,0.0327897521094741
"543","Halsey",45,2.58375305555556,0.0327897521094741
"544","Klem Schen",45,2.22569388888889,0.0327897521094741
"545","Luca",45,2.09203611111111,0.0327897521094741
"546","Masked Wolf",45,1.39663222222222,0.0327897521094741
"547","Melano",45,2.67008305555556,0.0327897521094741
"548","Melentini",45,1.47254805555556,0.0327897521094741
"549","Mr. Belt & Wezol",45,1.77066944444444,0.0327897521094741
"550","Odezenne",45,2.10694916666667,0.0327897521094741
"551","Rich Brian",45,2.3050875,0.0327897521094741
"552","RÜFÜS DU SOL",45,4.28628194444444,0.0327897521094741
"553","Salmo",45,2.01041611111111,0.0327897521094741
"554","Shake Shake Go",45,2.52448388888889,0.0327897521094741
"555","Shay",45,1.72239972222222,0.0327897521094741
"556","Souleance",45,2.38923,0.0327897521094741
"557","Still Woozy",45,1.85133222222222,0.0327897521094741
"558","Tube & Berger",45,4.60805055555556,0.0327897521094741
"559","USKY",45,1.97830277777778,0.0327897521094741
"560","Y.V.E. 48",45,2.11241416666667,0.0327897521094741
"561","Yung Mavu",45,1.56899222222222,0.0327897521094741
"562","Aaron May",44,1.75026166666667,0.0320610909514857
"563","Blackmill",44,3.48517,0.0320610909514857
"564","Bonobo",44,2.62504666666667,0.0320610909514857
"565","Diego Power",44,3.46251722222222,0.0320610909514857
"566","Domeno",44,2.10424305555556,0.0320610909514857
"567","Elephante",44,1.77623277777778,0.0320610909514857
"568","Fablo",44,2.21252611111111,0.0320610909514857
"569","Foals",44,2.4808325,0.0320610909514857
"570","Jo Cohen",44,2.17943444444444,0.0320610909514857
"571","Joseito Fernández",44,2.56520888888889,0.0320610909514857
"572","Krewella",44,2.06614888888889,0.0320610909514857
"573","Michael Kiwanuka",44,2.61466138888889,0.0320610909514857
"574","NDPC",44,2.83289444444444,0.0320610909514857
"575","Nbhd Nick",44,1.57183277777778,0.0320610909514857
"576","OVERWERK",44,3.28722833333333,0.0320610909514857
"577","Octavian",44,2.03093027777778,0.0320610909514857
"578","One-T",44,2.27336333333333,0.0320610909514857
"579","Ray Parker Jr.",44,2.27761055555556,0.0320610909514857
"580","Soul Sugar",44,2.24331722222222,0.0320610909514857
"581","Tash Sultana",44,3.14950166666667,0.0320610909514857
"582","Yeah Yeah Yeahs",44,1.75304694444444,0.0320610909514857
"583","Alex Hook",43,3.94946555555556,0.0313324297934974
"584","Bazanji",43,1.42004305555556,0.0313324297934974
"585","C2C",43,2.2554575,0.0313324297934974
"586","DaBaby",43,1.75556611111111,0.0313324297934974
"587","Franc Moody",43,2.76954222222222,0.0313324297934974
"588","Josef Salvat",43,2.65429277777778,0.0313324297934974
"589","Just A Gent",43,2.26929416666667,0.0313324297934974
"590","KWAYE",43,2.27066944444444,0.0313324297934974
"591","Lolo Zouaï",43,2.11724361111111,0.0313324297934974
"592","MGMT",43,2.69663611111111,0.0313324297934974
"593","MSTR ROGERS",43,2.27155416666667,0.0313324297934974
"594","Marvin Gaye",43,3.68862888888889,0.0313324297934974
"595","Mustard",43,2.10816166666667,0.0313324297934974
"596","Omami",43,2.74914888888889,0.0313324297934974
"597","Sense",43,2.14669694444444,0.0313324297934974
"598","Thirty Seconds To Mars",43,2.03553611111111,0.0313324297934974
"599","Zack Hemsey",43,3.07374222222222,0.0313324297934974
"600","BANKS",42,2.77550916666667,0.0306037686355091
"601","BONNIE X CLYDE",42,1.80650083333333,0.0306037686355091
"602","Busy P",42,2.91332333333333,0.0306037686355091
"603","Crowded House",42,2.47951138888889,0.0306037686355091
"604","DJ Khaled",42,2.40775888888889,0.0306037686355091
"605","Electric Light Orchestra",42,2.98048944444444,0.0306037686355091
"606","Gunna",42,1.88738583333333,0.0306037686355091
"607","Kenndog",42,1.26494444444444,0.0306037686355091
"608","Roger Martin",42,2.15371444444444,0.0306037686355091
"609","Seals and Crofts",42,2.53922055555556,0.0306037686355091
"610","Sech",42,2.38799194444444,0.0306037686355091
"611","You Me At Six",42,2.09555055555556,0.0306037686355091
"612","10 Ft. Ganja Plant",41,2.66110833333333,0.0298751074775208
"613","Ali Gatie",41,2.23365611111111,0.0298751074775208
"614","Barrington Levy",41,2.22110166666667,0.0298751074775208
"615","Bon Entendeur",41,2.08822666666667,0.0298751074775208
"616","Flox",41,2.38768277777778,0.0298751074775208
"617","Glass Animals",41,3.22773944444444,0.0298751074775208
"618","JACKBOYS",41,2.58074027777778,0.0298751074775208
"619","Katy Perry",41,2.29754972222222,0.0298751074775208
"620","Khalid",41,2.3260975,0.0298751074775208
"621","La Yegros",41,2.17730888888889,0.0298751074775208
"622","LeRoyce",41,2.38661361111111,0.0298751074775208
"623","MØ",41,2.517585,0.0298751074775208
"624","O.B.F",41,2.21796888888889,0.0298751074775208
"625","Pet Shop Boys",41,0.701335833333333,0.0298751074775208
"626","SAINT PHNX",41,1.8160375,0.0298751074775208
"627","The Frightnrs",41,1.92872222222222,0.0298751074775208
"628","Tones And I",41,1.91659472222222,0.0298751074775208
"629","Troublemakers",41,1.93420055555556,0.0298751074775208
"630","Vice",41,1.75367861111111,0.0298751074775208
"631","AkaHendy",40,2.213865,0.0291464463195325
"632","D.One",40,0.956807222222222,0.0291464463195325
"633","Daniel Caesar",40,2.54307472222222,0.0291464463195325
"634","Dennis Brown",40,2.19340777777778,0.0291464463195325
"635","Frank Zappa",40,1.61138472222222,0.0291464463195325
"636","Hayce Lemsi",40,1.99611944444444,0.0291464463195325
"637","KSHMR",40,1.86117111111111,0.0291464463195325
"638","Maribou State",40,2.32572,0.0291464463195325
"639","Modjo",40,3.0406625,0.0291464463195325
"640","New Politics",40,1.77277361111111,0.0291464463195325
"641","Powfu",40,1.51242416666667,0.0291464463195325
"642","Tatarka",40,2.22838055555556,0.0291464463195325
"643","Tess",40,2.21534777777778,0.0291464463195325
"644","Yves Larock",40,2.08657527777778,0.0291464463195325
"645","070 Shake",39,2.39169027777778,0.0284177851615442
"646","A4 Reggae Orchestra",39,1.71879027777778,0.0284177851615442
"647","Amadou & Mariam",39,2.142725,0.0284177851615442
"648","Ariana Grande",39,1.76903944444444,0.0284177851615442
"649","Atili",39,1.88817694444444,0.0284177851615442
"650","Dadinho",39,1.43344722222222,0.0284177851615442
"651","Drex Carter",39,1.37636277777778,0.0284177851615442
"652","Jesper Jenset",39,1.90567333333333,0.0284177851615442
"653","KIDDO",39,1.67804055555556,0.0284177851615442
"654","Kanka",39,2.25666833333333,0.0284177851615442
"655","Khoe Wa",39,2.08414277777778,0.0284177851615442
"656","Kush Kush",39,1.53225444444444,0.0284177851615442
"657","Lizzo",39,2.03876,0.0284177851615442
"658","SICK LEGEND",39,1.29712972222222,0.0284177851615442
"659","Sans Souci",39,2.13497027777778,0.0284177851615442
"660","Selah Sue",39,1.81854138888889,0.0284177851615442
"661","Serge Gainsbourg",39,1.67422777777778,0.0284177851615442
"662","Urban Love",39,1.77561388888889,0.0284177851615442
"663","Yogi",39,1.98887833333333,0.0284177851615442
"664","Axero",38,2.1272425,0.0276891240035559
"665","Ella Isaacson",38,2.58774194444444,0.0276891240035559
"666","Fatal Bazooka",38,1.0881925,0.0276891240035559
"667","Flipp Dinero",38,2.02378,0.0276891240035559
"668","Gostan",38,2.15332027777778,0.0276891240035559
"669","Klangkarussell",38,3.45504055555556,0.0276891240035559
"670","Masego",38,2.46406416666667,0.0276891240035559
"671","OG Eastbull",38,1.91134,0.0276891240035559
"672","SIYYU",38,2.08873222222222,0.0276891240035559
"673","Shura",38,3.13693083333333,0.0276891240035559
"674","Synthwave Goose",38,1.91767083333333,0.0276891240035559
"675","Tainy",38,1.35150277777778,0.0276891240035559
"676","The Lumineers",38,1.45725833333333,0.0276891240035559
"677","Trap City",38,1.28958638888889,0.0276891240035559
"678","Alina Baraz",37,2.09438166666667,0.0269604628455676
"679","Broken Back",37,1.8026375,0.0269604628455676
"680","Cheat Codes",37,2.2053475,0.0269604628455676
"681","Curbi",37,1.69673861111111,0.0269604628455676
"682","Dontcry",37,1.22791472222222,0.0269604628455676
"683","Hellberg",37,3.01804416666667,0.0269604628455676
"684","Kazy Lambist",37,2.15703305555556,0.0269604628455676
"685","Kokoroko",37,3.89864027777778,0.0269604628455676
"686","Kool Shen",37,2.93619583333333,0.0269604628455676
"687","Mura Masa",37,1.85569277777778,0.0269604628455676
"688","Siboy",37,1.44181027777778,0.0269604628455676
"689","Sons Of Maria",37,2.9169525,0.0269604628455676
"690","The Herd",37,2.16560722222222,0.0269604628455676
"691","TheFatRat",37,1.83800166666667,0.0269604628455676
"692","Ty Dolla $ign",37,1.77308861111111,0.0269604628455676
"693","Tyga",37,1.73473444444444,0.0269604628455676
"694","benny blanco",37,1.84714916666667,0.0269604628455676
"695","Adrien Toma",36,1.47110666666667,0.0262318016875792
"696","Amarula Café Club",36,1.57622388888889,0.0262318016875792
"697","Chris Isaak",36,2.60376,0.0262318016875792
"698","Col3trane",36,1.84008361111111,0.0262318016875792
"699","De Hofnar",36,1.68120444444444,0.0262318016875792
"700","FDVM",36,1.77094638888889,0.0262318016875792
"701","Fatima Yamaha",36,3.66582888888889,0.0262318016875792
"702","Henri PFR",36,1.77712972222222,0.0262318016875792
"703","L2B",36,1.40513527777778,0.0262318016875792
"704","Monsune",36,2.07179111111111,0.0262318016875792
"705","MÖWE",36,1.69072944444444,0.0262318016875792
"706","Quavo",36,1.93560388888889,0.0262318016875792
"707","Rohff",36,1.63819361111111,0.0262318016875792
"708","The Marías",36,1.84279694444444,0.0262318016875792
"709","The Wailers",36,2.18511583333333,0.0262318016875792
"710","Yaeji",36,1.7743175,0.0262318016875792
"711","why mona",36,1.33205944444444,0.0262318016875792
"712","Alton Ellis",35,1.51112777777778,0.0255031405295909
"713","Daniel Kadawatha",35,1.88734944444444,0.0255031405295909
"714","Isaiah Rashad",35,1.69503611111111,0.0255031405295909
"715","Jonas Blue",35,1.27277388888889,0.0255031405295909
"716","Kimberley Tell",35,1.84602083333333,0.0255031405295909
"717","MYNGA",35,1.82805055555556,0.0255031405295909
"718","Mac Tyer",35,1.88716416666667,0.0255031405295909
"719","Oby Onyioha",35,2.93848555555556,0.0255031405295909
"720","The Rolling Stones",35,2.31329472222222,0.0255031405295909
"721","half•alive",35,2.05570861111111,0.0255031405295909
"722","A.CHAL",34,1.59208722222222,0.0247744793716026
"723","Alec Benjamin",34,1.51540527777778,0.0247744793716026
"724","Babe Rainbow",34,1.75752138888889,0.0247744793716026
"725","Bender",34,1.68910666666667,0.0247744793716026
"726","Charlie Charles",34,1.17099916666667,0.0247744793716026
"727","Chuck Wonderland",34,1.64693972222222,0.0247744793716026
"728","Clairo",34,1.53019555555556,0.0247744793716026
"729","Flamingosis",34,1.69751833333333,0.0247744793716026
"730","Funky Destination",34,2.76172166666667,0.0247744793716026
"731","Justice",34,2.06785361111111,0.0247744793716026
"732","KAROL G",34,1.47829388888889,0.0247744793716026
"733","Kalaido",34,1.838665,0.0247744793716026
"734","Koop",34,1.96885083333333,0.0247744793716026
"735","Kraak & Smaak",34,1.70941722222222,0.0247744793716026
"736","Kupla",34,1.46479222222222,0.0247744793716026
"737","Lady Bee",34,1.8395,0.0247744793716026
"738","Lamb",34,1.81717805555556,0.0247744793716026
"739","Like Mike",34,1.44927972222222,0.0247744793716026
"740","Lilac",34,1.43398861111111,0.0247744793716026
"741","Luude",34,1.26457972222222,0.0247744793716026
"742","Maluma",34,1.54993194444444,0.0247744793716026
"743","Mishashi Sensei",34,1.25343583333333,0.0247744793716026
"744","Sadek",34,1.3114975,0.0247744793716026
"745","Syn Cole",34,1.69230333333333,0.0247744793716026
"746","TEEMID",34,2.15738361111111,0.0247744793716026
"747","The Dandy Warhols",34,1.66386194444444,0.0247744793716026
"748","Tommy Guerrero",34,1.33000944444444,0.0247744793716026
"749","Varg²™",34,1.22832055555556,0.0247744793716026
"750","We Are Majør",34,2.12968805555556,0.0247744793716026
"751","Weldon Irvine",34,1.55951166666667,0.0247744793716026
"752","thasup",34,1.76629222222222,0.0247744793716026
"753","Ateyaba",33,1.35621777777778,0.0240458182136143
"754","Blue Foundation",33,2.4900175,0.0240458182136143
"755","Bramsito",33,1.24933444444444,0.0240458182136143
"756","DRAMA",33,1.83811111111111,0.0240458182136143
"757","Enur",33,1.42329277777778,0.0240458182136143
"758","Jimmy Cliff",33,1.92421527777778,0.0240458182136143
"759","Kaskade",33,1.76046333333333,0.0240458182136143
"760","Klaas",33,1.36543416666667,0.0240458182136143
"761","Kölsch",33,2.47256694444444,0.0240458182136143
"762","MadMan",33,1.56319611111111,0.0240458182136143
"763","Majid Jordan",33,2.01238138888889,0.0240458182136143
"764","Neo Noir",33,1.89515722222222,0.0240458182136143
"765","Nostalgia 77",33,1.76504416666667,0.0240458182136143
"766","Rémy",33,1.50960388888889,0.0240458182136143
"767","Sinéad Harnett",33,1.85397,0.0240458182136143
"768","Sting",33,2.17574388888889,0.0240458182136143
"769","Sub Urban",33,1.3933175,0.0240458182136143
"770","Sumac Dub",33,2.14055,0.0240458182136143
"771","Swertas",33,1.71481944444444,0.0240458182136143
"772","The Toxic Avenger",33,0.604103055555556,0.0240458182136143
"773","Vulfpeck",33,1.62364833333333,0.0240458182136143
"774","Yung Gravy",33,1.48287833333333,0.0240458182136143
"775","Achile",32,1.22406611111111,0.023317157055626
"776","Aslove",32,1.68536527777778,0.023317157055626
"777","BENNETT",32,1.36453361111111,0.023317157055626
"778","Basshunter",32,1.03823972222222,0.023317157055626
"779","Bernard Lavilliers",32,1.79095222222222,0.023317157055626
"780","Blood Orange",32,2.00237166666667,0.023317157055626
"781","Engelwood",32,0.955221944444445,0.023317157055626
"782","Famous Dex",32,1.42182972222222,0.023317157055626
"783","Geeeko",32,1.28932027777778,0.023317157055626
"784","Jay Rock",32,1.64637027777778,0.023317157055626
"785","Kid Loco",32,2.07080916666667,0.023317157055626
"786","Landy",32,1.23799305555556,0.023317157055626
"787","Lonely in the Rain",32,1.78636027777778,0.023317157055626
"788","MHD",32,1.58232555555556,0.023317157055626
"789","Max Romeo",32,1.81350888888889,0.023317157055626
"790","Migos",32,1.8917475,0.023317157055626
"791","Miley Cyrus",32,1.77333361111111,0.023317157055626
"792","Olympis",32,1.13490527777778,0.023317157055626
"793","Patrick Baker",32,1.62121388888889,0.023317157055626
"794","Shawn Mendes",32,1.62743944444444,0.023317157055626
"795","Skarra Mucci",32,1.65665,0.023317157055626
"796","U2",32,2.39429944444444,0.023317157055626
"797","Youv Dee",32,1.46087416666667,0.023317157055626
"798","puremind",32,1.11384472222222,0.023317157055626
"799","Allah-Las",31,1.85791138888889,0.0225884958976377
"800","Benab",31,1.29807944444444,0.0225884958976377
"801","Chance the Rapper",31,1.71849277777778,0.0225884958976377
"802","Chinwvr",31,1.53343888888889,0.0225884958976377
"803","Daniela Andrade",31,1.2750975,0.0225884958976377
"804","Guru",31,1.84505527777778,0.0225884958976377
"805","Kaza",31,1.36875277777778,0.0225884958976377
"806","Kofs",31,1.65994166666667,0.0225884958976377
"807","Madison Beer",31,1.41278583333333,0.0225884958976377
"808","Muddy Monk",31,1.43571055555556,0.0225884958976377
"809","Neon Beach",31,1.17589583333333,0.0225884958976377
"810","Papithbk",31,1.02643277777778,0.0225884958976377
"811","Promoting Sounds",31,1.40156083333333,0.0225884958976377
"812","RONNY J",31,1.1201975,0.0225884958976377
"813","Roshi",31,1.19835305555556,0.0225884958976377
"814","SiR",31,1.71548333333333,0.0225884958976377
"815","Summer Walker",31,1.78212833333333,0.0225884958976377
"816","24kGoldn",30,1.17031888888889,0.0218598347396494
"817","Alain Goraguer",30,0.876405555555556,0.0218598347396494
"818","Blondage",30,1.41163666666667,0.0218598347396494
"819","DaniSogen",30,1.23918972222222,0.0218598347396494
"820","Daniel Liebt",30,1.68588027777778,0.0218598347396494
"821","Dinor rdt",30,1.08563444444444,0.0218598347396494
"822","Duncan Laurence",30,1.47918055555556,0.0218598347396494
"823","Handsome Boy Modeling School",30,2.54877472222222,0.0218598347396494
"824","Hös Copperfield",30,1.42898916666667,0.0218598347396494
"825","Jessie Reyez",30,1.60249611111111,0.0218598347396494
"826","John Holt",30,1.64370305555556,0.0218598347396494
"827","Kid Francescoli",30,2.50685,0.0218598347396494
"828","Laura Branigan",30,1.72524972222222,0.0218598347396494
"829","Martin Bravi",30,0.8050025,0.0218598347396494
"830","Petit Navire",30,1.53993111111111,0.0218598347396494
"831","SRTW",30,1.16593666666667,0.0218598347396494
"832","Sexion d'Assaut",30,1.43458638888889,0.0218598347396494
"833","Slim Lessio",30,1.09332027777778,0.0218598347396494
"834","SŸDE",30,1.32889527777778,0.0218598347396494
"835","Taio Cruz",30,1.46021833333333,0.0218598347396494
"836","The Alchemist",30,0.891884166666667,0.0218598347396494
"837","Zach Diamond",30,1.17029222222222,0.0218598347396494
"838","347aidan",29,1.02564638888889,0.0211311735816611
"839","4Keus",29,1.81621111111111,0.0211311735816611
"840","5 Seconds of Summer",29,1.18477333333333,0.0211311735816611
"841","88rising",29,1.52277444444444,0.0211311735816611
"842","Alok",29,1.23680333333333,0.0211311735816611
"843","Bhad Bhabie",29,1.17234666666667,0.0211311735816611
"844","Bruno Martini",29,1.56106333333333,0.0211311735816611
"845","Celeste",29,1.65449055555556,0.0211311735816611
"846","Change",29,2.44812611111111,0.0211311735816611
"847","Cheriimoya",29,0.743645555555556,0.0211311735816611
"848","Chily",29,1.27393277777778,0.0211311735816611
"849","Emancipator",29,2.16218083333333,0.0211311735816611
"850","FISHER",29,1.29006777777778,0.0211311735816611
"851","Flyboy Tarantino",29,1.15922166666667,0.0211311735816611
"852","Gotan Project",29,1.92192388888889,0.0211311735816611
"853","Hatik",29,1.08712083333333,0.0211311735816611
"854","Joey Bada$$",29,1.65187138888889,0.0211311735816611
"855","MC Fioti",29,0.911515555555556,0.0211311735816611
"856","Mac Ayres",29,1.65857,0.0211311735816611
"857","Mahalia",29,1.64311666666667,0.0211311735816611
"858","Martin Jensen",29,1.44513138888889,0.0211311735816611
"859","Metronomy",29,1.85450388888889,0.0211311735816611
"860","Rae Sremmurd",29,1.75948611111111,0.0211311735816611
"861","Rihanna",29,1.35011527777778,0.0211311735816611
"862","Salut C'est Cool",29,0.963645,0.0211311735816611
"863","San Holo",29,1.69097416666667,0.0211311735816611
"864","Skrillex",29,0.660337222222222,0.0211311735816611
"865","Surf Mesa",29,1.34423805555556,0.0211311735816611
"866","Taïro",29,1.64981583333333,0.0211311735816611
"867","Arizona Jones",28,1.30799388888889,0.0204025124236727
"868","Attom",28,1.50577888888889,0.0204025124236727
"869","Big Sean",28,1.54758416666667,0.0204025124236727
"870","Biig Piig",28,0.956935833333333,0.0204025124236727
"871","Bread",28,1.57865388888889,0.0204025124236727
"872","Cooliecut",28,1.01201666666667,0.0204025124236727
"873","Dyspeed",28,0.6204025,0.0204025124236727
"874","Family of the Year",28,2.08668027777778,0.0204025124236727
"875","Fritz Kalkbrenner",28,1.76398972222222,0.0204025124236727
"876","GIMS",28,1.18507416666667,0.0204025124236727
"877","Gregory Isaacs",28,1.31947055555556,0.0204025124236727
"878","JGrrey",28,1.51692194444444,0.0204025124236727
"879","Kehlani",28,1.41483611111111,0.0204025124236727
"880","Ken Boothe",28,1.00330972222222,0.0204025124236727
"881","Little Simz",28,1.78336805555556,0.0204025124236727
"882","L’As",28,1.22564,0.0204025124236727
"883","MATTN",28,1.1243275,0.0204025124236727
"884","MOTi",28,0.951347222222222,0.0204025124236727
"885","Peter Tosh",28,1.77377861111111,0.0204025124236727
"886","Pink Floyd",28,1.2466,0.0204025124236727
"887","Rich The Kid",28,1.34313222222222,0.0204025124236727
"888","SALES",28,1.21156055555556,0.0204025124236727
"889","Snoh Aalegra",28,1.55478555555556,0.0204025124236727
"890","Squeezie",28,1.17082833333333,0.0204025124236727
"891","Steve Lacy",28,1.19600861111111,0.0204025124236727
"892","Stevie Wonder",28,1.61798472222222,0.0204025124236727
"893","The Sh-Booms",28,0.869057222222222,0.0204025124236727
"894","Tierra Whack",28,0.782115833333333,0.0204025124236727
"895","Yasumu",28,1.11053805555556,0.0204025124236727
"896","il:lo",28,1.87811666666667,0.0204025124236727
"897","Badfinger",27,1.26680444444444,0.0196738512656844
"898","Big Bud",27,0.356592777777778,0.0196738512656844
"899","Cape Cub",27,1.02785444444444,0.0196738512656844
"900","Dido",27,2.07600638888889,0.0196738512656844
"901","Diplo",27,1.1433375,0.0196738512656844
"902","Dub Inc",27,1.97278416666667,0.0196738512656844
"903","Ecco2k",27,0.179227222222222,0.0196738512656844
"904","Haristone",27,1.25480166666667,0.0196738512656844
"905","Jasmïn",27,1.25399944444444,0.0196738512656844
"906","Lil Baby",27,1.09517166666667,0.0196738512656844
"907","Manu Chao",27,1.49122805555556,0.0196738512656844
"908","Oklou",27,1.526785,0.0196738512656844
"909","Remi Wolf",27,1.48225277777778,0.0196738512656844
"910","Rukhsana Merrise",27,2.38796861111111,0.0196738512656844
"911","Spada",27,1.18240472222222,0.0196738512656844
"912","YG Pablo",27,1.16792888888889,0.0196738512656844
"913","ilyTOMMY",27,0.828611388888889,0.0196738512656844
"914","Üm",27,1.28754055555556,0.0196738512656844
"915","AUDREY NUNA",26,1.298565,0.0189451901076961
"916","August Wahh",26,1.05287972222222,0.0189451901076961
"917","Bryson Tiller",26,1.15866388888889,0.0189451901076961
"918","D38",26,0.7207025,0.0189451901076961
"919","DrefGold",26,1.40662222222222,0.0189451901076961
"920","Franco Micalizzi",26,0.905498055555556,0.0189451901076961
"921","GR OMEGA",26,1.19045861111111,0.0189451901076961
"922","Hardwell",26,1.15426083333333,0.0189451901076961
"923","J.Lamotta",26,2.14499111111111,0.0189451901076961
"924","Jamie Brown",26,1.19171805555556,0.0189451901076961
"925","Kiana Ledé",26,1.4826675,0.0189451901076961
"926","Kid Travis",26,1.16224611111111,0.0189451901076961
"927","Lady Gaga",26,1.15375472222222,0.0189451901076961
"928","Laurent Wolf",26,1.31869861111111,0.0189451901076961
"929","Lav",26,1.35449305555556,0.0189451901076961
"930","Lil Skate",26,0.871695277777778,0.0189451901076961
"931","Mike WiLL Made-It",26,1.46829805555556,0.0189451901076961
"932","Mizmo",26,1.21875555555556,0.0189451901076961
"933","Nessly",26,1.33471944444444,0.0189451901076961
"934","Niall Horan",26,1.28968916666667,0.0189451901076961
"935","Nick Peters",26,1.22112583333333,0.0189451901076961
"936","QQUN",26,1.35365666666667,0.0189451901076961
"937","Realo",26,0.910897777777778,0.0189451901076961
"938","Regard",26,1.02032166666667,0.0189451901076961
"939","Roudoudou",26,1.46619861111111,0.0189451901076961
"940","Samm Henshaw",26,1.44329555555556,0.0189451901076961
"941","Sia",26,1.19863833333333,0.0189451901076961
"942","Skinshape",26,1.51266388888889,0.0189451901076961
"943","Stephen Sanchez",26,0.998100555555556,0.0189451901076961
"944","Taylor Swift",26,1.06551,0.0189451901076961
"945","Tim Gartz",26,0.992720277777778,0.0189451901076961
"946","Vintage Culture",26,1.61863666666667,0.0189451901076961
"947","maye",26,1.52938944444444,0.0189451901076961
"948","Alexandra Savior",25,1.10645944444444,0.0182165289497078
"949","Altin Gün",25,1.40181055555556,0.0182165289497078
"950","Bastille",25,1.32184472222222,0.0182165289497078
"951","Ben L'Oncle Soul",25,1.4391725,0.0182165289497078
"952","Björk",25,1.31846722222222,0.0182165289497078
"953","Blueface",25,0.912119722222222,0.0182165289497078
"954","Buju Banton",25,1.62333916666667,0.0182165289497078
"955","Cecilia Krull",25,1.06211194444444,0.0182165289497078
"956","Cocteau Twins",25,0.68914,0.0182165289497078
"957","DJYung$avage",25,1.54625527777778,0.0182165289497078
"958","Demi Portion",25,1.03901222222222,0.0182165289497078
"959","Emotional Oranges",25,1.17007388888889,0.0182165289497078
"960","Enzo Siffredi",25,0.774218333333333,0.0182165289497078
"961","Flatbush Zombies",25,1.29499861111111,0.0182165289497078
"962","Gnarly Gibbs",25,1.38319777777778,0.0182165289497078
"963","Jason Derulo",25,1.02434111111111,0.0182165289497078
"964","Kaash Paige",25,1.03221361111111,0.0182165289497078
"965","Keanu Silva",25,1.04541638888889,0.0182165289497078
"966","Kedam",25,1.04700055555556,0.0182165289497078
"967","Lartiste",25,0.762786666666667,0.0182165289497078
"968","Livaï",25,0.952925555555556,0.0182165289497078
"969","Lyricson",25,1.24839972222222,0.0182165289497078
"970","Macklemore & Ryan Lewis",25,1.19928888888889,0.0182165289497078
"971","NERVO",25,1.20966222222222,0.0182165289497078
"972","Nvro",25,1.08253333333333,0.0182165289497078
"973","Omar Apollo",25,1.37440611111111,0.0182165289497078
"974","Patrice",25,1.18897972222222,0.0182165289497078
"975","ROSALÍA",25,0.899172222222222,0.0182165289497078
"976","Rella",25,1.15930916666667,0.0182165289497078
"977","Rhye",25,1.52510111111111,0.0182165289497078
"978","Riton",25,1.1833775,0.0182165289497078
"979","Rvssian",25,0.941815555555556,0.0182165289497078
"980","SG Lewis",25,1.2525725,0.0182165289497078
"981","Seventh Sage",25,0.720264722222222,0.0182165289497078
"982","Size Matters",25,1.17338055555556,0.0182165289497078
"983","So La Lune",25,1.15769666666667,0.0182165289497078
"984","Sound Of Legend",25,0.815311666666667,0.0182165289497078
"985","Tei Shi",25,1.41934722222222,0.0182165289497078
"986","Vantage",25,1.08376166666667,0.0182165289497078
"987","Alesso",24,0.936555,0.0174878677917195
"988","Alexandra Stan",24,0.818699722222222,0.0174878677917195
"989","Bas",24,1.39799305555556,0.0174878677917195
"990","Beach Fossils",24,1.05078194444444,0.0174878677917195
"991","BlocBoy JB",24,1.14601638888889,0.0174878677917195
"992","Cardi B",24,1.08787972222222,0.0174878677917195
"993","Chanje",24,0.976426666666667,0.0174878677917195
"994","Duck Sauce",24,0.837491944444444,0.0174878677917195
"995","Flo Rida",24,1.09470305555556,0.0174878677917195
"996","GATTÜSO",24,1.20749416666667,0.0174878677917195
"997","Harold van Lennep",24,1.12950444444444,0.0174878677917195
"998","Harry Styles",24,1.21005861111111,0.0174878677917195
"999","Huey Daze",24,0.972921111111111,0.0174878677917195
"1000","Jhayco",24,1.52992,0.0174878677917195
"1001","Jorja Smith",24,1.26773944444444,0.0174878677917195
"1002","José Lucas",24,1.06742,0.0174878677917195
"1003","Juice",24,1.19905305555556,0.0174878677917195
"1004","Kavinsky",24,0.372248333333333,0.0174878677917195
"1005","LUM!X",24,0.868161944444444,0.0174878677917195
"1006","Linkin Park",24,0.291318888888889,0.0174878677917195
"1007","MAX",24,1.18446,0.0174878677917195
"1008","Moji x Sboy",24,1.29101444444444,0.0174878677917195
"1009","Noah Floersch",24,0.938664722222222,0.0174878677917195
"1010","Pitbull",24,1.14906777777778,0.0174878677917195
"1011","Saba",24,1.29975222222222,0.0174878677917195
"1012","Senamo",24,0.698215555555556,0.0174878677917195
"1013","Steff da Campo",24,0.972015277777778,0.0174878677917195
"1014","Steve Aoki",24,0.921044722222222,0.0174878677917195
"1015","Supreme Patty",24,1.00708083333333,0.0174878677917195
"1016","adel",24,0.927288611111111,0.0174878677917195
"1017","50 Cent",23,1.01296222222222,0.0167592066337312
"1018","Aladin 135",23,1.137235,0.0167592066337312
"1019","Boris",23,0.522273888888889,0.0167592066337312
"1020","BoyWithUke",23,1.01523805555556,0.0167592066337312
"1021","Carl Dawkins",23,0.702436388888889,0.0167592066337312
"1022","Carpenter Brut",23,0.804067777777778,0.0167592066337312
"1023","Central Cee",23,0.830878611111111,0.0167592066337312
"1024","Daddex",23,0.735819444444444,0.0167592066337312
"1025","Damian Marley",23,1.58694222222222,0.0167592066337312
"1026","Deluxe",23,1.25674805555556,0.0167592066337312
"1027","Denzel Curry",23,1.13020722222222,0.0167592066337312
"1028","Di-Meh",23,0.833614722222222,0.0167592066337312
"1029","Duckwrth",23,1.25395555555556,0.0167592066337312
"1030","Dwin",23,0.848458611111111,0.0167592066337312
"1031","Glassio",23,1.32902944444444,0.0167592066337312
"1032","Hope Tala",23,1.38054305555556,0.0167592066337312
"1033","Ichon",23,1.29168222222222,0.0167592066337312
"1034","Joel Corry",23,0.890945277777778,0.0167592066337312
"1035","Khruangbin",23,1.48470638888889,0.0167592066337312
"1036","Lazza",23,1.19461694444444,0.0167592066337312
"1037","Little River Band",23,2.07951083333333,0.0167592066337312
"1038","Loud Luxury",23,1.16171083333333,0.0167592066337312
"1039","MC Solaar",23,1.31167805555556,0.0167592066337312
"1040","Max Korzh",23,1.04156277777778,0.0167592066337312
"1041","Michael Calfan",23,1.02486111111111,0.0167592066337312
"1042","Mosimann",23,0.896925555555556,0.0167592066337312
"1043","Nao",23,1.24771083333333,0.0167592066337312
"1044","Paul McCartney",23,1.12889888888889,0.0167592066337312
"1045","S-Pion",23,1.3979725,0.0167592066337312
"1046","Sneaker Pimps",23,1.99907666666667,0.0167592066337312
"1047","Taiwan MC",23,1.56541055555556,0.0167592066337312
"1048","Tiitof",23,1.15819805555556,0.0167592066337312
"1049","UZI",23,1.07562944444444,0.0167592066337312
"1050","Ucyll & Ryo",23,1.0149825,0.0167592066337312
"1051","Unknown Mortal Orchestra",23,1.51379416666667,0.0167592066337312
"1052","Vanupié",23,1.07199583333333,0.0167592066337312
"1053","Vory",23,1.23423194444444,0.0167592066337312
"1054","We Are Gold",23,1.2237725,0.0167592066337312
"1055","Younsss",23,1.04685833333333,0.0167592066337312
"1056","Z3KE",23,1.59030416666667,0.0167592066337312
"1057","aekasora",23,1.22431305555556,0.0167592066337312
"1058","BEGIN HOUSE",22,0.693171111111111,0.0160305454757429
"1059","BENEE",22,1.099445,0.0160305454757429
"1060","Bassjackers",22,0.745705833333333,0.0160305454757429
"1061","Betical",22,1.05879722222222,0.0160305454757429
"1062","Blank Banshee",22,0.851339444444444,0.0160305454757429
"1063","Celestal",22,1.08354444444444,0.0160305454757429
"1064","Clubhunterz",22,1.0391575,0.0160305454757429
"1065","Creeds",22,0.669718888888889,0.0160305454757429
"1066","Derrick Harriott",22,0.924973888888889,0.0160305454757429
"1067","Dooz Kawa",22,1.23226555555556,0.0160305454757429
"1068","Farruko",22,1.21098305555556,0.0160305454757429
"1069","Fetty Wap",22,1.22912138888889,0.0160305454757429
"1070","Galantis",22,0.904555555555556,0.0160305454757429
"1071","Groundation",22,1.94287694444444,0.0160305454757429
"1072","Jewel Usain",22,1.03799611111111,0.0160305454757429
"1073","Jäde",22,0.957947222222222,0.0160305454757429
"1074","Laffey",22,0.955207777777778,0.0160305454757429
"1075","Leo Roi",22,0.764356666666667,0.0160305454757429
"1076","Mathieu Koss",22,1.00423166666667,0.0160305454757429
"1077","Meek Mill",22,1.03333111111111,0.0160305454757429
"1078","Mexican Stepper",22,1.28263416666667,0.0160305454757429
"1079","Mo'kalamity",22,1.3647675,0.0160305454757429
"1080","NIGHTMORSS",22,0.6122125,0.0160305454757429
"1081","Naive New Beaters",22,1.21329,0.0160305454757429
"1082","Phill-E",22,0.9189025,0.0160305454757429
"1083","RIMON",22,1.14379666666667,0.0160305454757429
"1084","Rauw Alejandro",22,1.25093555555556,0.0160305454757429
"1085","Rex Orange County",22,1.22398277777778,0.0160305454757429
"1086","Riff Raff",22,1.32539472222222,0.0160305454757429
"1087","Roy Woods",22,1.16589138888889,0.0160305454757429
"1088","Saib",22,1.44205222222222,0.0160305454757429
"1089","SameThoughts",22,0.421626944444444,0.0160305454757429
"1090","Soolking",22,1.07483333333333,0.0160305454757429
"1091","Teddy Beats",22,1.3183725,0.0160305454757429
"1092","Tom Doolie",22,0.711833611111111,0.0160305454757429
"1093","Towerz",22,0.8645025,0.0160305454757429
"1094","VIC MENSA",22,1.34313777777778,0.0160305454757429
"1095","Yandel",22,1.01894777777778,0.0160305454757429
"1096","Zero 7",22,1.81752638888889,0.0160305454757429
"1097","$NOT",21,0.790387222222222,0.0153018843177546
"1098","Ajar",21,1.01412111111111,0.0153018843177546
"1099","Boney M.",21,0.810006111111111,0.0153018843177546
"1100","Chillinit",21,0.790421388888889,0.0153018843177546
"1101","Coez",21,0.8833125,0.0153018843177546
"1102","ConKi",21,0.992522222222222,0.0153018843177546
"1103","Darius",21,1.35245361111111,0.0153018843177546
"1104","Highsnob",21,1.02936222222222,0.0153018843177546
"1105","ISHA",21,0.971198333333333,0.0153018843177546
"1106","J9ueve",21,0.9136125,0.0153018843177546
"1107","Jhove",21,0.868386111111111,0.0153018843177546
"1108","João Selva",21,1.17464305555556,0.0153018843177546
"1109","KHEA",21,1.04656833333333,0.0153018843177546
"1110","LH4L",21,0.861756944444444,0.0153018843177546
"1111","LIZOT",21,0.920129444444444,0.0153018843177546
"1112","Lacrim",21,0.778252777777778,0.0153018843177546
"1113","Lala &ce",21,0.928876388888889,0.0153018843177546
"1114","Lofi Fruits Music",21,0.633940555555556,0.0153018843177546
"1115","MASN",21,0.971043055555556,0.0153018843177546
"1116","Martin Solveig",21,0.993710277777778,0.0153018843177546
"1117","Mazde",21,1.18923944444444,0.0153018843177546
"1118","Moods",21,0.730472777777778,0.0153018843177546
"1119","Myd",21,1.18700083333333,0.0153018843177546
"1120","Naakso",21,0.817707222222222,0.0153018843177546
"1121","Offset",21,1.33760722222222,0.0153018843177546
"1122","Onda Vaga",21,0.784704444444444,0.0153018843177546
"1123","Plastic Toy",21,1.10775555555556,0.0153018843177546
"1124","Rkomi",21,0.9812125,0.0153018843177546
"1125","SadBoyProlific",21,0.721992777777778,0.0153018843177546
"1126","Saian Supa Crew",21,0.769380833333333,0.0153018843177546
"1127","Sampa the Great",21,1.25570777777778,0.0153018843177546
"1128","Soom T",21,1.01244,0.0153018843177546
"1129","Souly Had",21,0.926539444444444,0.0153018843177546
"1130","Stream",21,0.930225555555556,0.0153018843177546
"1131","Tai Verdes",21,0.996523333333333,0.0153018843177546
"1132","Tiagz",21,0.705806111111111,0.0153018843177546
"1133","Xad",21,1.19989805555556,0.0153018843177546
"1134","YG",21,1.38978722222222,0.0153018843177546
"1135","Yanso",21,0.995253611111111,0.0153018843177546
"1136","Yellowman",21,2.066455,0.0153018843177546
"1137","Zhavia",21,1.19583333333333,0.0153018843177546
"1138","boy pablo",21,1.05192638888889,0.0153018843177546
"1139","edapollo",21,1.15891277777778,0.0153018843177546
"1140","Adam Oh",20,1.08488694444444,0.0145732231597662
"1141","Androma",20,1.17998166666667,0.0145732231597662
"1142","Belleruche",20,0.8836825,0.0145732231597662
"1143","Beyoncé",20,0.831938055555556,0.0145732231597662
"1144","Catching Flies",20,1.14545944444444,0.0145732231597662
"1145","Clem Beatz",20,0.885076111111111,0.0145732231597662
"1146","Cypis",20,0.908385555555556,0.0145732231597662
"1147","DJ Antoine",20,0.884908611111111,0.0145732231597662
"1148","Dub Dynasty",20,0.990986111111111,0.0145732231597662
"1149","EGOVERT",20,0.566535277777778,0.0145732231597662
"1150","Emma Peters",20,0.732664722222222,0.0145732231597662
"1151","Enluv",20,0.890363611111111,0.0145732231597662
"1152","Ernia",20,0.723774166666667,0.0145732231597662
"1153","Francky Vincent",20,0.298338888888889,0.0145732231597662
"1154","Gala",20,0.996086944444444,0.0145732231597662
"1155","George Michael",20,1.10164972222222,0.0145732231597662
"1156","Gil Glaze",20,1.0822875,0.0145732231597662
"1157","HARDSTYLE CVNT",20,0.6503775,0.0145732231597662
"1158","Hippie Sabotage",20,0.571406388888889,0.0145732231597662
"1159","Hoodboi",20,1.23675555555556,0.0145732231597662
"1160","Hounded",20,1.15106861111111,0.0145732231597662
"1161","Jerome",20,0.727580833333333,0.0145732231597662
"1162","Led Zeppelin",20,1.38752694444444,0.0145732231597662
"1163","Leone",20,0.781788611111111,0.0145732231597662
"1164","Magic System",20,1.02208527777778,0.0145732231597662
"1165","Marty de Lutece",20,1.11236,0.0145732231597662
"1166","Massilia Sound System",20,0.901386388888889,0.0145732231597662
"1167","Mr. Probz",20,0.842697222222222,0.0145732231597662
"1168","Nicky Jam",20,0.958132222222222,0.0145732231597662
"1169","ODIE",20,1.12436194444444,0.0145732231597662
"1170","Pink Sweat$",20,0.811363055555556,0.0145732231597662
"1171","Pony Pony Run Run",20,0.996897777777778,0.0145732231597662
"1172","Rammor",20,0.847653888888889,0.0145732231597662
"1173","Ratu$",20,1.13661555555556,0.0145732231597662
"1174","Roderick Porter",20,0.873081111111111,0.0145732231597662
"1175","Roger Glover",20,0.739405833333333,0.0145732231597662
"1176","Rooftime",20,1.1143,0.0145732231597662
"1177","SNIPER",20,1.35444555555556,0.0145732231597662
"1178","Sharon Jones & The Dap-Kings",20,1.24029444444444,0.0145732231597662
"1179","The Gladiators",20,1.04522916666667,0.0145732231597662
"1180","Tricky",20,1.24960361111111,0.0145732231597662
"1181","Tryo",20,0.906294722222222,0.0145732231597662
"1182","YNG Martyr",20,0.647425,0.0145732231597662
"1183","Yael Naim",20,1.06949277777778,0.0145732231597662
"1184","Yannou JR",20,0.791009722222222,0.0145732231597662
"1185","YellowStraps",20,0.986193333333333,0.0145732231597662
"1186","gianni & kyle",20,0.844380277777778,0.0145732231597662
